{"cameraMode":{"drawMode":0,"name":"Shaded","section":"Shading Mode"},"sceneLighting":true,"audioPlay":false,"sceneViewState":{"showFog":true,"showMaterialUpdate":false,"showSkybox":true,"showFlares":true,"showImageEffects":true,"showParticleSystems":true},"in2DMode":false,"pivot":{"x":27.237014770507814,"y":1.166499137878418,"z":38.968929290771487},"rotation":{"x":0.409344345331192,"y":0.06859539449214935,"z":-0.030862700194120408,"w":0.9092974662780762},"size":6.0073957443237309,"orthographic":false}