{"cameraMode":{"drawMode":0,"name":"Shaded","section":"Shading Mode"},"sceneLighting":false,"audioPlay":false,"sceneViewState":{"showFog":true,"showMaterialUpdate":false,"showSkybox":false,"showFlares":true,"showImageEffects":true,"showParticleSystems":true},"in2DMode":false,"pivot":{"x":30.403179168701173,"y":1.9100000858306885,"z":37.41999816894531},"rotation":{"x":0.12361428886651993,"y":-0.873845636844635,"z":0.2949269711971283,"w":0.36626389622688296},"size":3.4719581604003908,"orthographic":false}